,left,length,sequence,min_tm,max_tm,Pvul-CL09T03C04,Pvul-CL09T03C04,Pvul-CL09T03C04,Pvul-CL09T03C04,Pvul-ATCC8482,Pvul-ATCC8482,Pvul-ATCC8482,Pvul-ATCC8482,Pvul-ATCC8482,Pvul-BIOMLA139,Pvul-ATCC8482
0,391,24,CACGCTACTTGGCTGGTTCAGGCT,61.25352429355496,62.764825331023246,61.25352429355496,62.764825331023246,62.764825331023246,62.764825331023246,62.764825331023246,62.764825331023246,62.764825331023246,62.764825331023246,62.764825331023246,62.764825331023246,61.25352429355496
1,158,50,AACATGTGGACTCATGATGCCATCTTGTATTAATCTTCCTTTCAGAAGGC,62.36986083953548,63.31944525478542,63.31944525478542,63.31944525478542,62.36986083953548,63.31944525478542,63.31944525478542,63.31944525478542,63.31944525478542,63.31944525478542,63.31944525478542,63.31944525478542,63.31944525478542
2,59,20,ATGCTGCCCCTCGACTTGCA,61.672677791236936,61.672677791236936,61.672677791236936,61.672677791236936,61.672677791236936,61.672677791236936,61.672677791236936,61.672677791236936,61.672677791236936,61.672677791236936,61.672677791236936,61.672677791236936,61.672677791236936
3,56,23,ATGCTGCCCCTCGACTTGCATGT,63.72215012633916,63.72215012633916,63.72215012633916,63.72215012633916,63.72215012633916,63.72215012633916,63.72215012633916,63.72215012633916,63.72215012633916,63.72215012633916,63.72215012633916,63.72215012633916,63.72215012633916
4,205,58,CTACTATCTAATGGAACGCATCCCCATCGTCTACCGGAATACCTTTAATCATGTGAAC,63.22145249194119,64.68064482564927,64.68064482564927,64.68064482564927,64.68064482564927,63.22145249194119,64.68064482564927,64.68064482564927,64.68064482564927,64.68064482564927,64.68064482564927,64.68064482564927,64.68064482564927
5,87,32,CCCGTGCGCCGGTCGCCATCGGCCTTAGCAAG,66.04703778264741,73.44616999189276,73.44616999189276,73.44616999189276,73.44616999189276,73.44616999189276,73.44616999189276,73.44616999189276,73.44616999189276,73.44616999189276,73.44616999189276,73.44616999189276,66.04703778264741
6,291,23,CTTCCTCTCAGAACCCCTATCCA,61.3468256899983,61.3468256899983,61.3468256899983,61.3468256899983,61.3468256899983,61.3468256899983,61.3468256899983,61.3468256899983,61.3468256899983,61.3468256899983,61.3468256899983,61.3468256899983,61.3468256899983
7,98,19,CGTGCGCCGGTCGCCATCG,62.13339538255951,62.655267902833884,62.13339538255951,62.13339538255951,62.13339538255951,62.13339538255951,62.13339538255951,62.13339538255951,62.13339538255951,62.13339538255951,62.13339538255951,62.13339538255951,62.655267902833884
8,206,41,CGCATCCCCATCGTCTACCGGAATACCTTTAATCATGTGAA,61.870398240068994,63.91890928247523,63.91890928247523,63.91890928247523,63.91890928247523,61.870398240068994,63.91890928247523,63.91890928247523,63.91890928247523,63.91890928247523,63.91890928247523,63.91890928247523,63.91890928247523
9,66,32,GCCTTAGCAAGCTAAGACCATGCTGCCCCTCG,62.567987320393115,68.86131444245342,68.86131444245342,68.86131444245342,68.86131444245342,68.86131444245342,68.86131444245342,68.86131444245342,68.86131444245342,68.86131444245342,68.86131444245342,68.86131444245342,62.567987320393115
10,13,42,TTAAGCCTGTAGCTAGCGTTCATCCTGAGCCAGGATCAAACT,62.87160264343623,67.10107024678246,67.10107024678246,67.10107024678246,67.10107024678246,67.10107024678246,62.87160264343623,67.10107024678246,67.10107024678246,67.10107024678246,67.10107024678246,67.10107024678246,67.10107024678246
11,396,23,CCTTCACGCTACTTGGCTGGTTC,60.76122675649572,60.76122675649572,60.76122675649572,60.76122675649572,60.76122675649572,60.76122675649572,60.76122675649572,60.76122675649572,60.76122675649572,60.76122675649572,60.76122675649572,60.76122675649572,60.76122675649572
12,309,22,GTTCCAATGTGGGGGACCTTCC,61.016936910642016,61.016936910642016,61.016936910642016,61.016936910642016,61.016936910642016,61.016936910642016,61.016936910642016,61.016936910642016,61.016936910642016,61.016936910642016,61.016936910642016,61.016936910642016,61.016936910642016
13,405,34,ACAACCCATAGGGCAGTCATCCTTCACGCTACTT,66.13912121964427,66.13912121964427,66.13912121964427,66.13912121964427,66.13912121964427,66.13912121964427,66.13912121964427,66.13912121964427,66.13912121964427,66.13912121964427,66.13912121964427,66.13912121964427,66.13912121964427
14,158,59,AATCATGTGAACATGTGAACTCATGATGCCATCTTGTATTAATCTTCCTTTCAGAAGGC,61.63275276115553,63.755464976075984,61.63275276115553,61.63275276115553,63.755464976075984,61.63275276115553,61.63275276115553,61.63275276115553,61.63275276115553,61.63275276115553,61.63275276115553,61.63275276115553,61.63275276115553
15,396,27,TCATCCTTCACGCTACTTGGCTGGTTC,63.436146324058996,63.436146324058996,63.436146324058996,63.436146324058996,63.436146324058996,63.436146324058996,63.436146324058996,63.436146324058996,63.436146324058996,63.436146324058996,63.436146324058996,63.436146324058996,63.436146324058996
16,13,38,GCCTGTAGCTAGCGTTCATCCTGAGCTAGGATCAAACT,65.70695193824679,67.27383679218843,65.70695193824679,65.70695193824679,65.70695193824679,65.70695193824679,67.27383679218843,65.70695193824679,65.70695193824679,65.70695193824679,65.70695193824679,65.70695193824679,65.70695193824679
17,138,42,ATTAATCTTCCTTTCAGAAGGCTGTCCAAGAGTAGACGGCAG,61.1889901883776,63.89458100777574,63.89458100777574,63.89458100777574,63.89458100777574,63.89458100777574,61.1889901883776,63.89458100777574,63.89458100777574,63.89458100777574,63.89458100777574,63.89458100777574,63.89458100777574
18,449,25,ACATACCCGACTTTATTCCTTTATA,51.13329679034581,51.299045351822485,51.29150122702947,51.299045351822485,51.299045351822485,51.13329679034581,51.299045351822485,51.299045351822485,51.299045351822485,51.299045351822485,51.29150122702947,51.29150122702947,51.299045351822485
19,154,74,GGAATACCTTTAATCATGTGAACATGCGGACTCATGATGCCATCTTGTATTAATCTTCCTTTCAGAAGGCTATC,62.73574944034698,67.08856561259654,66.47957103322642,66.47957103322642,62.73574944034698,66.47957103322642,67.08856561259654,66.47957103322642,66.47957103322642,66.47957103322642,66.47957103322642,66.47957103322642,66.47957103322642
20,300,33,CAGTTCCAATGTGGGGGACCTTCCTCTCAGAAC,65.82425817875799,65.82425817875799,65.82425817875799,65.82425817875799,65.82425817875799,65.82425817875799,65.82425817875799,65.82425817875799,65.82425817875799,65.82425817875799,65.82425817875799,65.82425817875799,65.82425817875799
21,144,82,AATACCTTTAATCATGTGAACATGTGAACTCATGATGCCATCTTGTATTAATCTTCCTTTCAGAAGGCTATCCAAGAGTAGA,63.969948039322674,65.42077234878371,63.969948039322674,63.969948039322674,65.42077234878371,63.969948039322674,64.64457378706749,63.969948039322674,63.969948039322674,63.969948039322674,63.969948039322674,63.969948039322674,63.969948039322674
22,17,37,TAAGCCTGTAGCTAGCGTTCATCCTGAGCCAGGATCA,64.21537066532005,69.02205510407407,69.02205510407407,69.02205510407407,69.02205510407407,69.02205510407407,64.21537066532005,69.02205510407407,69.02205510407407,69.02205510407407,69.02205510407407,69.02205510407407,69.02205510407407
23,256,21,GGCCGTTACCCCGCCTACTAT,63.84477027063326,63.84477027063326,63.84477027063326,63.84477027063326,63.84477027063326,63.84477027063326,63.84477027063326,63.84477027063326,63.84477027063326,63.84477027063326,63.84477027063326,63.84477027063326,63.84477027063326
24,274,30,GAACCCCTATCCATCGAAGACTAGGTGGGC,63.24149235363399,63.24149235363399,63.24149235363399,63.24149235363399,63.24149235363399,63.24149235363399,63.24149235363399,63.24149235363399,63.24149235363399,63.24149235363399,63.24149235363399,63.24149235363399,63.24149235363399
25,289,24,TTCCTCTCAGAACCCCTATCCATC,60.827814646392426,60.827814646392426,60.827814646392426,60.827814646392426,60.827814646392426,60.827814646392426,60.827814646392426,60.827814646392426,60.827814646392426,60.827814646392426,60.827814646392426,60.827814646392426,60.827814646392426
26,119,32,GAGTAGACGGCAGGTTGGATACGTGTTACTCA,61.4932739102162,61.4932739102162,61.4932739102162,61.4932739102162,61.4932739102162,61.4932739102162,61.4932739102162,61.4932739102162,61.4932739102162,61.4932739102162,61.4932739102162,61.4932739102162,61.4932739102162
27,107,21,TGTTACTCACCCGTGCGCCGG,61.939646040220225,61.939646040220225,61.939646040220225,61.939646040220225,61.939646040220225,61.939646040220225,61.939646040220225,61.939646040220225,61.939646040220225,61.939646040220225,61.939646040220225,61.939646040220225,61.939646040220225
28,416,32,AAGAAGTTTACAACCCATAGGGCAGTCATCCT,59.80104340001054,59.80104340001054,59.80104340001054,59.80104340001054,59.80104340001054,59.80104340001054,59.80104340001054,59.80104340001054,59.80104340001054,59.80104340001054,59.80104340001054,59.80104340001054,59.80104340001054
29,396,24,TCCTTCACGCTACTTGGCTGGTTC,61.828924791845964,61.828924791845964,61.828924791845964,61.828924791845964,61.828924791845964,61.828924791845964,61.828924791845964,61.828924791845964,61.828924791845964,61.828924791845964,61.828924791845964,61.828924791845964,61.828924791845964
30,323,32,CGTAGGAGTTTGGACCGTGTCTCAGTTCCAAT,63.803098613168004,63.803098613168004,63.803098613168004,63.803098613168004,63.803098613168004,63.803098613168004,63.803098613168004,63.803098613168004,63.803098613168004,63.803098613168004,63.803098613168004,63.803098613168004,63.803098613168004
31,400,26,CAGTCATCCTTCACGCTACTTGGCTG,61.41941086335976,61.41941086335976,61.41941086335976,61.41941086335976,61.41941086335976,61.41941086335976,61.41941086335976,61.41941086335976,61.41941086335976,61.41941086335976,61.41941086335976,61.41941086335976,61.41941086335976
32,346,18,GCTGCCTCCCGTAGGAGT,62.59734393162762,62.59734393162762,62.59734393162762,62.59734393162762,62.59734393162762,62.59734393162762,62.59734393162762,62.59734393162762,62.59734393162762,62.59734393162762,62.59734393162762,62.59734393162762,62.59734393162762
33,109,21,CGTGTTACTCACCCGTGCGCC,62.37789292802944,62.37789292802944,62.37789292802944,62.37789292802944,62.37789292802944,62.37789292802944,62.37789292802944,62.37789292802944,62.37789292802944,62.37789292802944,62.37789292802944,62.37789292802944,62.37789292802944
34,260,17,GGCCGTTACCCCGCCTA,62.94884983138451,62.94884983138451,62.94884983138451,62.94884983138451,62.94884983138451,62.94884983138451,62.94884983138451,62.94884983138451,62.94884983138451,62.94884983138451,62.94884983138451,62.94884983138451,62.94884983138451
35,243,31,CGTTACCCCGCCTACTATCTAATGGAACGCA,61.46921217142875,61.46921217142875,61.46921217142875,61.46921217142875,61.46921217142875,61.46921217142875,61.46921217142875,61.46921217142875,61.46921217142875,61.46921217142875,61.46921217142875,61.46921217142875,61.46921217142875
36,211,51,TACTATCTAATGGAACGCATCCCCATCGTCTACCGGAATACCTTTAATCAT,62.11594895125688,63.78213761357944,63.78213761357944,63.78213761357944,63.78213761357944,62.11594895125688,63.78213761357944,63.78213761357944,63.78213761357944,63.78213761357944,63.78213761357944,63.78213761357944,63.78213761357944
37,82,32,GCGCCGGTCGCCATCAGCCTTAGCAAGCTAAG,62.81750853688902,66.11916222242206,66.11916222242206,66.11916222242206,66.11916222242206,66.11916222242206,66.11916222242206,66.11916222242206,66.11916222242206,66.11916222242206,66.11916222242206,66.11916222242206,62.81750853688902
38,218,34,TGGAACGCATCCCCATCGTCTACCGGAATACCTT,62.300238461383,64.71114472354179,64.71114472354179,64.71114472354179,64.71114472354179,62.300238461383,64.71114472354179,64.71114472354179,64.71114472354179,64.71114472354179,64.71114472354179,64.71114472354179,64.71114472354179
39,151,53,TGCGGACTCATGATGCCATCTTGTATTAATCTTCCTTTCAGAAGGCTGTCCAA,63.288087097765924,68.29700364837021,68.29700364837021,68.29700364837021,63.288087097765924,68.29700364837021,66.28078702260217,68.29700364837021,68.29700364837021,68.29700364837021,68.29700364837021,68.29700364837021,68.29700364837021
40,231,36,CCGCCTACTATCTAATGGAACGCATCCCCATCGCCT,62.62949235559779,67.94515474050394,62.62949235559779,62.62949235559779,62.62949235559779,67.94515474050394,62.62949235559779,62.62949235559779,62.62949235559779,62.62949235559779,62.62949235559779,62.62949235559779,62.62949235559779
41,124,32,TCCAAGAGTAGACGGCAGGTTGGATACGTGTT,61.502684068630344,61.502684068630344,61.502684068630344,61.502684068630344,61.502684068630344,61.502684068630344,61.502684068630344,61.502684068630344,61.502684068630344,61.502684068630344,61.502684068630344,61.502684068630344,61.502684068630344
42,155,70,ATACCTTTAATCATGTGAACATGTGAACTCATGATGCCATCTTGTATTAATCTTCCTTTCAGAAGGCTGT,62.66679215099657,65.99641926576038,64.36999083221298,64.36999083221298,65.99641926576038,64.36999083221298,62.66679215099657,64.36999083221298,64.36999083221298,64.36999083221298,64.36999083221298,64.36999083221298,64.36999083221298
43,213,45,ATCTAATGGAACGCATCCCCATCGTCTACCGGAATACCTTTAATC,61.47247731000613,63.35629303933359,63.35629303933359,63.35629303933359,63.35629303933359,61.47247731000613,63.35629303933359,63.35629303933359,63.35629303933359,63.35629303933359,63.35629303933359,63.35629303933359,63.35629303933359
44,396,24,TCCTTCACGCTACTTGGCTGGTTC,61.828924791845964,61.828924791845964,61.828924791845964,61.828924791845964,61.828924791845964,61.828924791845964,61.828924791845964,61.828924791845964,61.828924791845964,61.828924791845964,61.828924791845964,61.828924791845964,61.828924791845964
45,128,49,AATCTTCCTTTCAGAAGGCTATCCAAGAGTAGACGGCAGGTTGGATACG,64.84655882146023,65.85645306710359,64.84655882146023,64.84655882146023,64.84655882146023,64.84655882146023,65.85645306710359,64.84655882146023,64.84655882146023,64.84655882146023,64.84655882146023,64.84655882146023,64.84655882146023
46,67,31,GCCTTAGCAAGCTAAGACCATGCTGCCCCTC,62.409917368506626,69.09260055351103,69.09260055351103,69.09260055351103,69.09260055351103,69.09260055351103,69.09260055351103,69.09260055351103,69.09260055351103,69.09260055351103,69.09260055351103,69.09260055351103,62.409917368506626
47,179,72,GGAACGCATCCCCATCGCCTACCGGAATACCTTTAATCATGTGAACATGCGGACTCATGATGCCATCTTGTA,65.2113700891972,71.23804047778873,68.63888311828305,68.63888311828305,65.2113700891972,71.23804047778873,68.63888311828305,68.63888311828305,68.63888311828305,68.63888311828305,68.63888311828305,68.63888311828305,68.63888311828305
48,74,33,TCGCCATCAGCCTTAGCAAGCTAAGACCATGCT,59.244091266154044,62.57939626485887,62.57939626485887,62.57939626485887,62.57939626485887,62.57939626485887,62.57939626485887,62.57939626485887,62.57939626485887,62.57939626485887,62.57939626485887,62.57939626485887,59.244091266154044
49,292,25,GACCTTCCTCTCAGAACCCCTATCC,64.44149258181756,64.44149258181756,64.44149258181756,64.44149258181756,64.44149258181756,64.44149258181756,64.44149258181756,64.44149258181756,64.44149258181756,64.44149258181756,64.44149258181756,64.44149258181756,64.44149258181756
50,241,31,TTACCCCGCCTACTATCTAATGGAACGCATC,60.24935897572789,60.24935897572789,60.24935897572789,60.24935897572789,60.24935897572789,60.24935897572789,60.24935897572789,60.24935897572789,60.24935897572789,60.24935897572789,60.24935897572789,60.24935897572789,60.24935897572789
51,150,55,ATGCGAACTCATGATGCCATCTTGTATTAATCTTCCTTTCAGAAGGCTATCCAAG,61.09036008679669,64.18065960461547,63.128061852494,63.128061852494,61.09036008679669,63.128061852494,64.18065960461547,63.128061852494,63.128061852494,63.128061852494,63.128061852494,63.128061852494,63.128061852494
52,304,24,CCAATGTGGGGGACCTTCCTCTCA,63.27545396219648,63.27545396219648,63.27545396219648,63.27545396219648,63.27545396219648,63.27545396219648,63.27545396219648,63.27545396219648,63.27545396219648,63.27545396219648,63.27545396219648,63.27545396219648,63.27545396219648
53,198,51,AACGCATCCCCATCGTCTACCGGAATACCTTTAATCATGTGAACATGTGGA,62.68599831987831,64.3595744293778,64.3595744293778,64.3595744293778,63.54269918185628,62.68599831987831,64.3595744293778,64.3595744293778,64.3595744293778,64.3595744293778,64.3595744293778,64.3595744293778,64.3595744293778
54,15,46,CATGTGTTAAGCCTGTAGCTAGCGTTCATCCTGAGCCAGGATCAAA,64.63500333605413,68.43207355699332,68.43207355699332,68.43207355699332,68.43207355699332,68.43207355699332,64.63500333605413,68.43207355699332,68.43207355699332,68.43207355699332,68.43207355699332,68.43207355699332,68.43207355699332
55,392,22,ACGCTACTTGGCTGGTTCAGGC,60.301345239074806,60.301345239074806,60.301345239074806,60.301345239074806,60.301345239074806,60.301345239074806,60.301345239074806,60.301345239074806,60.301345239074806,60.301345239074806,60.301345239074806,60.301345239074806,60.301345239074806
56,358,29,CCCATTGACCAATATTCCTCACTGCTGCC,64.0840278972297,64.0840278972297,64.0840278972297,64.0840278972297,64.0840278972297,64.0840278972297,64.0840278972297,64.0840278972297,64.0840278972297,64.0840278972297,64.0840278972297,64.0840278972297,64.0840278972297
57,392,24,TCACGCTACTTGGCTGGTTCAGGC,62.351072032429784,62.351072032429784,62.351072032429784,62.351072032429784,62.351072032429784,62.351072032429784,62.351072032429784,62.351072032429784,62.351072032429784,62.351072032429784,62.351072032429784,62.351072032429784,62.351072032429784
58,309,26,CTCAGTTCCAATGTGGGGGACCTTCC,64.25279976835304,64.25279976835304,64.25279976835304,64.25279976835304,64.25279976835304,64.25279976835304,64.25279976835304,64.25279976835304,64.25279976835304,64.25279976835304,64.25279976835304,64.25279976835304,64.25279976835304
59,19,28,GTAGCTAGCGTTCATCCTGAGCTAGGAT,60.2768724551583,62.78236406576292,60.2768724551583,60.2768724551583,60.2768724551583,60.2768724551583,62.78236406576292,60.2768724551583,60.2768724551583,60.2768724551583,60.2768724551583,60.2768724551583,60.2768724551583
60,283,31,CTTCCTCTCAGAACCCCTATCCATCGAAGAC,62.66528653064796,62.66528653064796,62.66528653064796,62.66528653064796,62.66528653064796,62.66528653064796,62.66528653064796,62.66528653064796,62.66528653064796,62.66528653064796,62.66528653064796,62.66528653064796,62.66528653064796
61,122,42,GAAGGCTGTCCAAGAGTAGACGGCAGGTTGGATACGTGTTAC,63.37002296214405,66.01509734686988,66.01509734686988,66.01509734686988,66.01509734686988,66.01509734686988,63.37002296214405,66.01509734686988,66.01509734686988,66.01509734686988,66.01509734686988,66.01509734686988,66.01509734686988
62,266,27,CATCGAAGACTAGGTGGGCCGTTACCC,62.02919784230403,62.02919784230403,62.02919784230403,62.02919784230403,62.02919784230403,62.02919784230403,62.02919784230403,62.02919784230403,62.02919784230403,62.02919784230403,62.02919784230403,62.02919784230403,62.02919784230403
63,396,29,AGTCATCCTTCACGCTACTTGGCTGGTTC,65.45281517196264,65.45281517196264,65.45281517196264,65.45281517196264,65.45281517196264,65.45281517196264,65.45281517196264,65.45281517196264,65.45281517196264,65.45281517196264,65.45281517196264,65.45281517196264,65.45281517196264
64,349,17,CTGCTGCCTCCCGTAGG,59.81432900733398,59.81432900733398,59.81432900733398,59.81432900733398,59.81432900733398,59.81432900733398,59.81432900733398,59.81432900733398,59.81432900733398,59.81432900733398,59.81432900733398,59.81432900733398,59.81432900733398
65,333,24,CCCGTAGGAGTTTGGACCGTGTCT,62.89034251997691,62.89034251997691,62.89034251997691,62.89034251997691,62.89034251997691,62.89034251997691,62.89034251997691,62.89034251997691,62.89034251997691,62.89034251997691,62.89034251997691,62.89034251997691,62.89034251997691
66,340,21,GCCTCCCGTAGGAGTTTGGAC,61.24823953912983,61.24823953912983,61.24823953912983,61.24823953912983,61.24823953912983,61.24823953912983,61.24823953912983,61.24823953912983,61.24823953912983,61.24823953912983,61.24823953912983,61.24823953912983,61.24823953912983
67,411,54,ACTTTATTCCTTTATAAAAGAAGTTTACAACCCATAGGGCAGTCATCCTTCACG,62.810335974238114,62.810335974238114,62.810335974238114,62.810335974238114,62.810335974238114,62.810335974238114,62.810335974238114,62.810335974238114,62.810335974238114,62.810335974238114,62.810335974238114,62.810335974238114,62.810335974238114
68,293,22,CCTTCCTCTCAGAACCCCTATC,60.41219919587252,60.41219919587252,60.41219919587252,60.41219919587252,60.41219919587252,60.41219919587252,60.41219919587252,60.41219919587252,60.41219919587252,60.41219919587252,60.41219919587252,60.41219919587252,60.41219919587252
69,29,25,TAAGCCTGTAGCTAGCGTTCATCCT,60.336518679701726,60.336518679701726,60.336518679701726,60.336518679701726,60.336518679701726,60.336518679701726,60.336518679701726,60.336518679701726,60.336518679701726,60.336518679701726,60.336518679701726,60.336518679701726,60.336518679701726
70,356,28,ATTGACCAATATTCCTCACTGCTGCCTC,60.68807704986409,60.68807704986409,60.68807704986409,60.68807704986409,60.68807704986409,60.68807704986409,60.68807704986409,60.68807704986409,60.68807704986409,60.68807704986409,60.68807704986409,60.68807704986409,60.68807704986409
71,406,45,TAAAAGAAGTTTACAACCCATAGGGCAGTCATCCTTCACGCTACT,62.62325610752458,62.62325610752458,62.62325610752458,62.62325610752458,62.62325610752458,62.62325610752458,62.62325610752458,62.62325610752458,62.62325610752458,62.62325610752458,62.62325610752458,62.62325610752458,62.62325610752458
72,101,15,GTGCGCCGGTCGCCA,60.26710139885091,60.26710139885091,60.26710139885091,60.26710139885091,60.26710139885091,60.26710139885091,60.26710139885091,60.26710139885091,60.26710139885091,60.26710139885091,60.26710139885091,60.26710139885091,60.26710139885091
73,237,30,CCGCCTACTATCTAATGGAACGCATCCCCA,62.976899790422635,62.976899790422635,62.976899790422635,62.976899790422635,62.976899790422635,62.976899790422635,62.976899790422635,62.976899790422635,62.976899790422635,62.976899790422635,62.976899790422635,62.976899790422635,62.976899790422635
74,57,28,AAGACCATGCTGCCCCTCGACTTGCATG,64.09777925689195,64.09777925689195,64.09777925689195,64.09777925689195,64.09777925689195,64.09777925689195,64.09777925689195,64.09777925689195,64.09777925689195,64.09777925689195,64.09777925689195,64.09777925689195,64.09777925689195
75,29,28,TGTTAAGCCTGTAGCTAGCGTTCATCCT,62.525065413850314,62.525065413850314,62.525065413850314,62.525065413850314,62.525065413850314,62.525065413850314,62.525065413850314,62.525065413850314,62.525065413850314,62.525065413850314,62.525065413850314,62.525065413850314,62.525065413850314
76,376,30,TGGCTGGTTCAGGCTTTCGCCCATTGACCA,63.202008854923974,67.0968080293564,63.202008854923974,67.0968080293564,67.0968080293564,67.0968080293564,67.0968080293564,67.0968080293564,67.0968080293564,67.0968080293564,67.0968080293564,67.0968080293564,63.202008854923974
77,83,30,CGCCGGTCGCCATCGGTCTTAGCAAGCTAA,63.21511726802339,63.977788323777645,63.21511726802339,63.21511726802339,63.21511726802339,63.21511726802339,63.21511726802339,63.21511726802339,63.21511726802339,63.21511726802339,63.21511726802339,63.21511726802339,63.977788323777645
78,236,30,CGCCTACTATCTAATGGAACGCATCCCCAT,60.80994748207877,60.80994748207877,60.80994748207877,60.80994748207877,60.80994748207877,60.80994748207877,60.80994748207877,60.80994748207877,60.80994748207877,60.80994748207877,60.80994748207877,60.80994748207877,60.80994748207877
79,328,28,CCGTAGGAGTTTGGACCGTGTCTCAGTT,64.1292008282436,64.1292008282436,64.1292008282436,64.1292008282436,64.1292008282436,64.1292008282436,64.1292008282436,64.1292008282436,64.1292008282436,64.1292008282436,64.1292008282436,64.1292008282436,64.1292008282436
80,192,67,TATCTAATGGAACGCATCCCCATCGTCTACCGGAATACCTTTAATCATGTGAACATGTGGACTCATG,64.32463156441133,65.59928058951442,65.59928058951442,65.59928058951442,64.99674279139867,64.32463156441133,65.59928058951442,65.59928058951442,65.59928058951442,65.59928058951442,65.59928058951442,65.59928058951442,65.59928058951442
81,391,25,TCACGCTACTTGGCTGGTTCAGGCT,62.278410300338464,63.74522910320485,62.278410300338464,63.74522910320485,63.74522910320485,63.74522910320485,63.74522910320485,63.74522910320485,63.74522910320485,63.74522910320485,63.74522910320485,63.74522910320485,62.278410300338464
82,19,31,CCTGTAGCTAGCGTTCATCCTGAGCCAGGAT,62.3279972789407,68.21615622773885,68.21615622773885,68.21615622773885,68.21615622773885,68.21615622773885,62.3279972789407,68.21615622773885,68.21615622773885,68.21615622773885,68.21615622773885,68.21615622773885,68.21615622773885
83,343,21,GCTGCCTCCCGTAGGAGTTTG,62.63675983916596,62.63675983916596,62.63675983916596,62.63675983916596,62.63675983916596,62.63675983916596,62.63675983916596,62.63675983916596,62.63675983916596,62.63675983916596,62.63675983916596,62.63675983916596,62.63675983916596
84,137,36,TTCCTTTCAGAAGGCTATCCAAGAGTAGACGGCAGG,61.98186705440935,63.591110916525736,61.98186705440935,61.98186705440935,61.98186705440935,61.98186705440935,63.591110916525736,61.98186705440935,61.98186705440935,61.98186705440935,61.98186705440935,61.98186705440935,61.98186705440935
85,307,25,AGTTCCAATGTGGGGGACCTTCCTC,63.52912196510658,63.52912196510658,63.52912196510658,63.52912196510658,63.52912196510658,63.52912196510658,63.52912196510658,63.52912196510658,63.52912196510658,63.52912196510658,63.52912196510658,63.52912196510658,63.52912196510658
86,320,32,AGGAGTTTGGACCGTGTCTCAGTTCCAATGTG,63.80160793626828,63.80160793626828,63.80160793626828,63.80160793626828,63.80160793626828,63.80160793626828,63.80160793626828,63.80160793626828,63.80160793626828,63.80160793626828,63.80160793626828,63.80160793626828,63.80160793626828
87,407,49,CTTTATAAAAGAAGTTTACAACCCATAGGGCAGTCATCCTTCACGCTAC,62.38345567452677,62.38345567452677,62.38345567452677,62.38345567452677,62.38345567452677,62.38345567452677,62.38345567452677,62.38345567452677,62.38345567452677,62.38345567452677,62.38345567452677,62.38345567452677,62.38345567452677
88,166,61,GAATACCTTTAATCATGTGAACATGTGGACTCATGATGCCATCTTGTATTAATCTTCCTTT,62.01610103524854,62.788619044383836,62.788619044383836,62.788619044383836,62.01610103524854,62.788619044383836,62.788619044383836,62.788619044383836,62.788619044383836,62.788619044383836,62.788619044383836,62.788619044383836,62.788619044383836
89,325,27,AGGAGTTTGGACCGTGTCTCAGTTCCA,64.1277798997067,64.1277798997067,64.1277798997067,64.1277798997067,64.1277798997067,64.1277798997067,64.1277798997067,64.1277798997067,64.1277798997067,64.1277798997067,64.1277798997067,64.1277798997067,64.1277798997067
90,158,54,TGTGAACATGTGAACTCATGATGCCATCTTGTATTAATCTTCCTTTCAGAAGGC,61.68292220503133,64.01107424861533,61.68292220503133,61.68292220503133,64.01107424861533,61.68292220503133,61.68292220503133,61.68292220503133,61.68292220503133,61.68292220503133,61.68292220503133,61.68292220503133,61.68292220503133
91,149,63,TGTGAACATGCGAACTCATGATGCCATCTTGTATTAATCTTCCTTTCAGAAGGCTATCCAAGA,62.53476410091207,65.16270255983613,64.30936024442275,64.30936024442275,62.53476410091207,64.30936024442275,65.16270255983613,64.30936024442275,64.30936024442275,64.30936024442275,64.30936024442275,64.30936024442275,64.30936024442275
92,86,30,GTGCGCCGGTCGCCATCAGTCTTAGCAAGC,63.75753963470072,70.18122191106187,63.75753963470072,63.75753963470072,63.75753963470072,63.75753963470072,63.75753963470072,63.75753963470072,63.75753963470072,63.75753963470072,63.75753963470072,63.75753963470072,70.18122191106187
93,190,56,GCATCCCCATCGCCTACCGGAATACCTTTAATCATGTGAACATGCGGACTCATGAT,60.6359604104087,68.86095042870824,65.41546990844017,65.41546990844017,60.6359604104087,68.86095042870824,65.41546990844017,65.41546990844017,65.41546990844017,65.41546990844017,65.41546990844017,65.41546990844017,65.41546990844017
94,153,64,AATCATGTGAACATGTGGACTCATGATGCCATCTTGTATTAATCTTCCTTTCAGAAGGCTATCC,64.33440449025068,65.84684415208221,65.05995711556488,65.05995711556488,64.33440449025068,65.05995711556488,65.84684415208221,65.05995711556488,65.05995711556488,65.05995711556488,65.05995711556488,65.05995711556488,65.05995711556488
95,405,28,CATAGGGCAGTCATCCTTCACGCTACTT,62.403810439446545,62.403810439446545,62.403810439446545,62.403810439446545,62.403810439446545,62.403810439446545,62.403810439446545,62.403810439446545,62.403810439446545,62.403810439446545,62.403810439446545,62.403810439446545,62.403810439446545
96,106,17,CTCACCCGTGCGCCGGT,62.29483366028546,62.29483366028546,62.29483366028546,62.29483366028546,62.29483366028546,62.29483366028546,62.29483366028546,62.29483366028546,62.29483366028546,62.29483366028546,62.29483366028546,62.29483366028546,62.29483366028546
97,338,24,TGCCTCCCGTAGGAGTTTGGACCG,64.14460791352411,64.14460791352411,64.14460791352411,64.14460791352411,64.14460791352411,64.14460791352411,64.14460791352411,64.14460791352411,64.14460791352411,64.14460791352411,64.14460791352411,64.14460791352411,64.14460791352411
98,276,37,TTCCTCTCAGAACCCCTATCCATCGAAGACTAGGTGG,66.0308792604722,66.0308792604722,66.0308792604722,66.0308792604722,66.0308792604722,66.0308792604722,66.0308792604722,66.0308792604722,66.0308792604722,66.0308792604722,66.0308792604722,66.0308792604722,66.0308792604722
99,118,36,CAAGAGTAGACGGCAGGTTGGATACGTGTTACTCAC,61.1774323832737,61.1774323832737,61.1774323832737,61.1774323832737,61.1774323832737,61.1774323832737,61.1774323832737,61.1774323832737,61.1774323832737,61.1774323832737,61.1774323832737,61.1774323832737,61.1774323832737
100,323,28,GGAGTTTGGACCGTGTCTCAGTTCCAAT,62.27283469823885,62.27283469823885,62.27283469823885,62.27283469823885,62.27283469823885,62.27283469823885,62.27283469823885,62.27283469823885,62.27283469823885,62.27283469823885,62.27283469823885,62.27283469823885,62.27283469823885
101,199,50,AACGCATCCCCATCGTCTACCGGAATACCTTTAATCATGTGAACATGCGG,61.85155031896494,65.62035363168889,65.62035363168889,65.62035363168889,61.85155031896494,63.98915347814369,65.62035363168889,65.62035363168889,65.62035363168889,65.62035363168889,65.62035363168889,65.62035363168889,65.62035363168889
102,231,36,CCGCCTACTATCTAATGGAACGCATCCCCATCGCCT,62.62949235559779,67.94515474050394,62.62949235559779,62.62949235559779,62.62949235559779,67.94515474050394,62.62949235559779,62.62949235559779,62.62949235559779,62.62949235559779,62.62949235559779,62.62949235559779,62.62949235559779
103,46,26,CCCTCGACTTGCATGTGTTAAGCCTG,61.0102504027779,61.0102504027779,61.0102504027779,61.0102504027779,61.0102504027779,61.0102504027779,61.0102504027779,61.0102504027779,61.0102504027779,61.0102504027779,61.0102504027779,61.0102504027779,61.0102504027779
104,41,28,TCGACTTGCATGTGTTAAGCCTGTAGCT,60.31696118666622,60.31696118666622,60.31696118666622,60.31696118666622,60.31696118666622,60.31696118666622,60.31696118666622,60.31696118666622,60.31696118666622,60.31696118666622,60.31696118666622,60.31696118666622,60.31696118666622
105,408,26,CCATAGGGCAGTCATCCTTCACGCTA,63.35480993038237,63.35480993038237,63.35480993038237,63.35480993038237,63.35480993038237,63.35480993038237,63.35480993038237,63.35480993038237,63.35480993038237,63.35480993038237,63.35480993038237,63.35480993038237,63.35480993038237
106,409,47,CTTTATAAAAGAAGTTTACAACCCATAGGGCAGTCATCCTTCACGCT,62.524859745295316,62.524859745295316,62.524859745295316,62.524859745295316,62.524859745295316,62.524859745295316,62.524859745295316,62.524859745295316,62.524859745295316,62.524859745295316,62.524859745295316,62.524859745295316,62.524859745295316
107,326,26,AGGAGTTTGGACCGTGTCTCAGTTCC,63.392026214783925,63.392026214783925,63.392026214783925,63.392026214783925,63.392026214783925,63.392026214783925,63.392026214783925,63.392026214783925,63.392026214783925,63.392026214783925,63.392026214783925,63.392026214783925,63.392026214783925
108,288,28,ACCTTCCTCTCAGAACCCCTATCCATCG,64.98111806914767,64.98111806914767,64.98111806914767,64.98111806914767,64.98111806914767,64.98111806914767,64.98111806914767,64.98111806914767,64.98111806914767,64.98111806914767,64.98111806914767,64.98111806914767,64.98111806914767
109,139,43,GTATTAATCTTCCTTTCAGAAGGCTATCCAAGAGTAGACGGCA,61.84215928806145,63.2081579644144,61.84215928806145,61.84215928806145,61.84215928806145,61.84215928806145,63.2081579644144,61.84215928806145,61.84215928806145,61.84215928806145,61.84215928806145,61.84215928806145,61.84215928806145
110,285,32,GACCTTCCTCTCAGAACCCCTATCCATCGAAG,64.69029974146997,64.69029974146997,64.69029974146997,64.69029974146997,64.69029974146997,64.69029974146997,64.69029974146997,64.69029974146997,64.69029974146997,64.69029974146997,64.69029974146997,64.69029974146997,64.69029974146997
111,114,37,GAGTAGACGGCAGGTTGGATACGTGTTACTCACCCGT,67.18783503442245,67.18783503442245,67.18783503442245,67.18783503442245,67.18783503442245,67.18783503442245,67.18783503442245,67.18783503442245,67.18783503442245,67.18783503442245,67.18783503442245,67.18783503442245,67.18783503442245
112,145,61,CATGCGAACTCATGATGCCATCTTGTATTAATCTTCCTTTCAGAAGGCTGTCCAAGAGTAG,64.83758556075782,66.74315481914391,66.74315481914391,66.74315481914391,64.9044225117272,66.74315481914391,64.83758556075782,66.74315481914391,66.74315481914391,66.74315481914391,66.74315481914391,66.74315481914391,66.74315481914391
113,121,44,AGAAGGCTATCCAAGAGTAGACGGCAGGTTGGATACGTGTTACT,63.85066361932655,65.0522933850662,63.85066361932655,63.85066361932655,63.85066361932655,63.85066361932655,65.0522933850662,63.85066361932655,63.85066361932655,63.85066361932655,63.85066361932655,63.85066361932655,63.85066361932655
114,371,37,CTTGGCTGGTTCAGGCTTTCGCCCATTGACCAATATT,62.32647483723707,65.47467844410698,62.32647483723707,65.47467844410698,65.47467844410698,65.47467844410698,65.47467844410698,65.47467844410698,65.47467844410698,65.47467844410698,65.47467844410698,65.47467844410698,62.32647483723707
115,347,21,CACTGCTGCCTCCCGTAGGAG,62.55861767055944,62.55861767055944,62.55861767055944,62.55861767055944,62.55861767055944,62.55861767055944,62.55861767055944,62.55861767055944,62.55861767055944,62.55861767055944,62.55861767055944,62.55861767055944,62.55861767055944
116,121,29,AGTAGACGGCAGGTTGGATACGTGTTACT,59.09432660735172,59.09432660735172,59.09432660735172,59.09432660735172,59.09432660735172,59.09432660735172,59.09432660735172,59.09432660735172,59.09432660735172,59.09432660735172,59.09432660735172,59.09432660735172,59.09432660735172
117,103,18,CACCCGTGCGCCGGTCGC,64.5100169259265,64.5100169259265,64.5100169259265,64.5100169259265,64.5100169259265,64.5100169259265,64.5100169259265,64.5100169259265,64.5100169259265,64.5100169259265,64.5100169259265,64.5100169259265,64.5100169259265
118,233,40,GTTACCCCGCCTACTATCTAATGGAACGCATCCCCATCGT,67.87708156318593,69.06125395253525,69.06125395253525,69.06125395253525,69.06125395253525,67.87708156318593,69.06125395253525,69.06125395253525,69.06125395253525,69.06125395253525,69.06125395253525,69.06125395253525,69.06125395253525
119,149,70,TTAATCATGTGAACATGCGGACTCATGATGCCATCTTGTATTAATCTTCCTTTCAGAAGGCTATCCAAGA,61.93627772637376,66.60494438184304,65.94222789896776,65.94222789896776,61.93627772637376,65.94222789896776,66.60494438184304,65.94222789896776,65.94222789896776,65.94222789896776,65.94222789896776,65.94222789896776,65.94222789896776
120,414,30,AGTTTACAACCCATAGGGCAGTCATCCTTC,62.62906479085706,62.62906479085706,62.62906479085706,62.62906479085706,62.62906479085706,62.62906479085706,62.62906479085706,62.62906479085706,62.62906479085706,62.62906479085706,62.62906479085706,62.62906479085706,62.62906479085706
121,15,40,TTAAGCCTGTAGCTAGCGTTCATCCTGAGCTAGGATCAAA,63.028204815374295,64.60291238896735,63.028204815374295,63.028204815374295,63.028204815374295,63.028204815374295,64.60291238896735,63.028204815374295,63.028204815374295,63.028204815374295,63.028204815374295,63.028204815374295,63.028204815374295
122,96,20,GTGCGCCGGTCGCCATCAGT,57.2851903182592,65.26510508468806,57.2851903182592,57.2851903182592,57.2851903182592,57.2851903182592,57.2851903182592,57.2851903182592,57.2851903182592,57.2851903182592,57.2851903182592,57.2851903182592,65.26510508468806
123,291,22,TTCCTCTCAGAACCCCTATCCA,59.82912872503317,59.82912872503317,59.82912872503317,59.82912872503317,59.82912872503317,59.82912872503317,59.82912872503317,59.82912872503317,59.82912872503317,59.82912872503317,59.82912872503317,59.82912872503317,59.82912872503317
124,92,26,CCGTGCGCCGGTCGCCATCAGTCTTA,61.669687232407,68.90441210535892,61.669687232407,61.669687232407,61.669687232407,61.669687232407,61.669687232407,61.669687232407,61.669687232407,61.669687232407,61.669687232407,61.669687232407,68.90441210535892
125,414,44,TCCTTTATAAAAGAAGTTTACAACCCATAGGGCAGTCATCCTTC,61.445860177244924,61.445860177244924,61.445860177244924,61.445860177244924,61.445860177244924,61.445860177244924,61.445860177244924,61.445860177244924,61.445860177244924,61.445860177244924,61.445860177244924,61.445860177244924,61.445860177244924
126,206,48,AATGGAACGCATCCCCATCGCCTACCGGAATACCTTTAATCATGTGAA,60.39854737686903,64.49112497734677,60.39854737686903,60.39854737686903,60.39854737686903,64.49112497734677,60.39854737686903,60.39854737686903,60.39854737686903,60.39854737686903,60.39854737686903,60.39854737686903,60.39854737686903
127,248,28,GCCGTTACCCCGCCTACTATCTAATGGA,63.94732550909299,63.94732550909299,63.94732550909299,63.94732550909299,63.94732550909299,63.94732550909299,63.94732550909299,63.94732550909299,63.94732550909299,63.94732550909299,63.94732550909299,63.94732550909299,63.94732550909299
128,408,23,TAGGGCAGTCATCCTTCACGCTA,59.70184272077023,59.70184272077023,59.70184272077023,59.70184272077023,59.70184272077023,59.70184272077023,59.70184272077023,59.70184272077023,59.70184272077023,59.70184272077023,59.70184272077023,59.70184272077023,59.70184272077023
129,404,28,ATAGGGCAGTCATCCTTCACGCTACTTG,61.48618829628123,61.48618829628123,61.48618829628123,61.48618829628123,61.48618829628123,61.48618829628123,61.48618829628123,61.48618829628123,61.48618829628123,61.48618829628123,61.48618829628123,61.48618829628123,61.48618829628123
130,449,25,ACATACCCGACTTTATTCCTTTATA,51.13329679034581,51.299045351822485,51.29150122702947,51.299045351822485,51.299045351822485,51.13329679034581,51.299045351822485,51.299045351822485,51.299045351822485,51.299045351822485,51.29150122702947,51.29150122702947,51.299045351822485
131,117,29,GACGGCAGGTTGGATACGTGTTACTCACC,61.80920413137807,61.80920413137807,61.80920413137807,61.80920413137807,61.80920413137807,61.80920413137807,61.80920413137807,61.80920413137807,61.80920413137807,61.80920413137807,61.80920413137807,61.80920413137807,61.80920413137807
132,64,38,ATCGGCCTTAGCAAGCTAAGACCATGCTGCCCCTCGAC,63.42377341272589,70.32988179661709,70.32988179661709,70.32988179661709,70.32988179661709,70.32988179661709,70.32988179661709,70.32988179661709,70.32988179661709,70.32988179661709,70.32988179661709,70.32988179661709,63.42377341272589
133,264,20,CTAGGTGGGCCGTTACCCCG,62.831261806249756,62.831261806249756,62.831261806249756,62.831261806249756,62.831261806249756,62.831261806249756,62.831261806249756,62.831261806249756,62.831261806249756,62.831261806249756,62.831261806249756,62.831261806249756,62.831261806249756
134,106,19,TACTCACCCGTGCGCCGGT,61.982731583794816,61.982731583794816,61.982731583794816,61.982731583794816,61.982731583794816,61.982731583794816,61.982731583794816,61.982731583794816,61.982731583794816,61.982731583794816,61.982731583794816,61.982731583794816,61.982731583794816
135,125,35,GCTATCCAAGAGTAGACGGCAGGTTGGATACGTGT,62.50144731148123,64.11828005790869,62.50144731148123,62.50144731148123,62.50144731148123,62.50144731148123,64.11828005790869,62.50144731148123,62.50144731148123,62.50144731148123,62.50144731148123,62.50144731148123,62.50144731148123
136,230,34,CCTACTATCTAATGGAACGCATCCCCATCGTCTA,59.67920173475926,62.259270253713055,62.259270253713055,62.259270253713055,62.259270253713055,59.67920173475926,62.259270253713055,62.259270253713055,62.259270253713055,62.259270253713055,62.259270253713055,62.259270253713055,62.259270253713055
137,201,44,CATCCCCATCGTCTACCGGAATACCTTTAATCATGTGAACATGC,62.19116208726922,64.1352061553938,64.1352061553938,64.1352061553938,62.910778157588936,62.19116208726922,64.1352061553938,64.1352061553938,64.1352061553938,64.1352061553938,64.1352061553938,64.1352061553938,64.1352061553938
138,281,31,TCCTCTCAGAACCCCTATCCATCGAAGACTA,62.13050387073508,62.13050387073508,62.13050387073508,62.13050387073508,62.13050387073508,62.13050387073508,62.13050387073508,62.13050387073508,62.13050387073508,62.13050387073508,62.13050387073508,62.13050387073508,62.13050387073508
139,450,24,ACATACCCGACTTTATTCCTTTAT,51.260531089471215,51.434795416990994,51.42789591536172,51.434795416990994,51.434795416990994,51.260531089471215,51.434795416990994,51.434795416990994,51.434795416990994,51.434795416990994,51.42789591536172,51.42789591536172,51.434795416990994
140,107,26,ATACGTGTTACTCACCCGTGCGCCGG,63.78244005239213,63.78244005239213,63.78244005239213,63.78244005239213,63.78244005239213,63.78244005239213,63.78244005239213,63.78244005239213,63.78244005239213,63.78244005239213,63.78244005239213,63.78244005239213,63.78244005239213
141,209,53,TACTATCTAATGGAACGCATCCCCATCGTCTACCGGAATACCTTTAATCATGT,63.041951160788244,64.64460924106436,64.64460924106436,64.64460924106436,64.64460924106436,63.041951160788244,64.64460924106436,64.64460924106436,64.64460924106436,64.64460924106436,64.64460924106436,64.64460924106436,64.64460924106436
142,372,36,CTTGGCTGGTTCAGGCCCGCGCCCATTGACCAATAT,62.74406927107526,67.58068221581289,67.58068221581289,62.74406927107526,62.74406927107526,62.74406927107526,62.74406927107526,62.74406927107526,62.74406927107526,62.74406927107526,62.74406927107526,62.74406927107526,67.58068221581289
143,127,35,AGGCTGTCCAAGAGTAGACGGCAGGTTGGATACGT,62.797142133505815,65.987440485359,65.987440485359,65.987440485359,65.987440485359,65.987440485359,62.797142133505815,65.987440485359,65.987440485359,65.987440485359,65.987440485359,65.987440485359,65.987440485359
144,141,46,ATCTTGTATTAATCTTCCTTTCAGAAGGCTGTCCAAGAGTAGACGG,61.2311302201324,63.73372452796974,63.73372452796974,63.73372452796974,63.73372452796974,63.73372452796974,61.2311302201324,63.73372452796974,63.73372452796974,63.73372452796974,63.73372452796974,63.73372452796974,63.73372452796974
145,161,69,CCGGAATACCTTTAATCATGTGAACATGCGAACTCATGATGCCATCTTGTATTAATCTTCCTTTCAGAA,62.54812778764068,64.0395607717789,64.0395607717789,64.0395607717789,62.54812778764068,64.0395607717789,64.0395607717789,64.0395607717789,64.0395607717789,64.0395607717789,64.0395607717789,64.0395607717789,64.0395607717789
146,156,46,TGGACTCATGATGCCATCTTGTATTAATCTTCCTTTCAGAAGGCTG,62.304265791649755,65.411650245143,65.24776630660779,65.24776630660779,62.304265791649755,65.24776630660779,65.411650245143,65.24776630660779,65.24776630660779,65.24776630660779,65.24776630660779,65.24776630660779,65.24776630660779
147,162,78,CCATCGTCTACCGGAATACCTTTAATCATGTGAACATGTGAACTCATGATGCCATCTTGTATTAATCTTCCTTTCAGA,65.00617768561585,67.51148805016572,66.19038130650466,66.19038130650466,67.51148805016572,65.00617768561585,66.19038130650466,66.19038130650466,66.19038130650466,66.19038130650466,66.19038130650466,66.19038130650466,66.19038130650466
148,383,25,CTTGGCTGGTTCAGGCCCGCGCCCA,60.724285723224,68.14645715922336,68.14645715922336,60.724285723224,60.724285723224,60.724285723224,60.724285723224,60.724285723224,60.724285723224,60.724285723224,60.724285723224,60.724285723224,68.14645715922336
149,414,36,AAAAGAAGTTTACAACCCATAGGGCAGTCATCCTTC,58.5133146464899,58.5133146464899,58.5133146464899,58.5133146464899,58.5133146464899,58.5133146464899,58.5133146464899,58.5133146464899,58.5133146464899,58.5133146464899,58.5133146464899,58.5133146464899,58.5133146464899
